{
    "name": "root",
    "gauges": {
        "Mover.Policy.Entropy.mean": {
            "value": 0.007714448496699333,
            "min": 0.007714448496699333,
            "max": 1.082588791847229,
            "count": 15
        },
        "Mover.Policy.ExtrinsicValueEstimate.mean": {
            "value": 0.38786253333091736,
            "min": 0.37086179852485657,
            "max": 2.7956416606903076,
            "count": 15
        },
        "Mover.Environment.EpisodeLength.mean": {
            "value": 29.0,
            "min": 29.0,
            "max": 192.0,
            "count": 15
        },
        "Mover.Environment.CumulativeReward.mean": {
            "value": 1.1499999910593033,
            "min": 1.149444440564525,
            "max": 1.3250000074971466,
            "count": 15
        },
        "Mover.Policy.ExtrinsicReward.mean": {
            "value": 1.1499999910593033,
            "min": 1.149444440564525,
            "max": 1.3250000074971466,
            "count": 15
        },
        "Mover.Losses.ValueLoss.mean": {
            "value": 0.0021637221798300743,
            "min": 0.0021637221798300743,
            "max": 0.24712792038917542,
            "count": 15
        },
        "Mover.Losses.PolicyLoss.mean": {
            "value": 0.1312023550271988,
            "min": 0.11472658812999725,
            "max": 0.14798882603645325,
            "count": 15
        },
        "Mover.Policy.LearningRate.mean": {
            "value": 0.0002825820120051503,
            "min": 0.0002825820120051503,
            "max": 0.00029938106308691204,
            "count": 15
        },
        "Mover.Policy.Epsilon.mean": {
            "value": 0.1941940039396286,
            "min": 0.1941940039396286,
            "max": 0.19979369640350342,
            "count": 15
        },
        "Mover.Policy.Beta.mean": {
            "value": 0.0047102803364396095,
            "min": 0.0047102803364396095,
            "max": 0.0049897050485014915,
            "count": 15
        },
        "Mover.IsTraining.mean": {
            "value": 1.0,
            "min": 1.0,
            "max": 1.0,
            "count": 15
        }
    },
    "metadata": {
        "timer_format_version": "0.1.0",
        "start_time_seconds": "1628064329",
        "python_version": "3.8.10 (default, May 19 2021, 13:12:57) [MSC v.1916 64 bit (AMD64)]",
        "command_line_arguments": "D:\\Anaconda\\envs\\ml-try\\Scripts\\mlagents-learn Mover.yaml --run-id m-16",
        "mlagents_version": "0.21.0",
        "mlagents_envs_version": "0.21.0",
        "communication_protocol_version": "1.2.0",
        "tensorflow_version": "2.3.3",
        "numpy_version": "1.18.5",
        "end_time_seconds": "1628064566"
    },
    "total": 236.7235578,
    "count": 1,
    "self": 0.00526120000003516,
    "children": {
        "run_training.setup": {
            "total": 0.008853900000000081,
            "count": 1,
            "self": 0.008853900000000081
        },
        "TrainerController.start_learning": {
            "total": 236.70944269999998,
            "count": 1,
            "self": 0.7609997999982738,
            "children": {
                "TrainerController._reset_env": {
                    "total": 9.0665843,
                    "count": 1,
                    "self": 9.0665843
                },
                "TrainerController.advance": {
                    "total": 226.39863020000172,
                    "count": 31634,
                    "self": 0.3510809000018469,
                    "children": {
                        "env_step": {
                            "total": 226.04754929999987,
                            "count": 31634,
                            "self": 205.58727270000244,
                            "children": {
                                "SubprocessEnvManager._take_step": {
                                    "total": 20.063312499998332,
                                    "count": 31634,
                                    "self": 0.650549299998815,
                                    "children": {
                                        "TFPolicy.evaluate": {
                                            "total": 19.412763199999517,
                                            "count": 31634,
                                            "self": 19.412763199999517
                                        }
                                    }
                                },
                                "workers": {
                                    "total": 0.3969640999990869,
                                    "count": 31633,
                                    "self": 0.0,
                                    "children": {
                                        "worker_root": {
                                            "total": 228.07707489999953,
                                            "count": 31633,
                                            "is_parallel": true,
                                            "self": 53.35906089999736,
                                            "children": {
                                                "steps_from_proto": {
                                                    "total": 0.0003375000000005457,
                                                    "count": 1,
                                                    "is_parallel": true,
                                                    "self": 0.00016020000000072088,
                                                    "children": {
                                                        "_process_vector_observation": {
                                                            "total": 0.00017729999999982482,
                                                            "count": 2,
                                                            "is_parallel": true,
                                                            "self": 0.00017729999999982482
                                                        }
                                                    }
                                                },
                                                "UnityEnvironment.step": {
                                                    "total": 174.71767650000217,
                                                    "count": 31633,
                                                    "is_parallel": true,
                                                    "self": 2.3732456999974545,
                                                    "children": {
                                                        "UnityEnvironment._generate_step_input": {
                                                            "total": 1.5488471000020603,
                                                            "count": 31633,
                                                            "is_parallel": true,
                                                            "self": 1.5488471000020603
                                                        },
                                                        "communicator.exchange": {
                                                            "total": 164.0253103000009,
                                                            "count": 31633,
                                                            "is_parallel": true,
                                                            "self": 164.0253103000009
                                                        },
                                                        "steps_from_proto": {
                                                            "total": 6.770273400001731,
                                                            "count": 31633,
                                                            "is_parallel": true,
                                                            "self": 3.950658300000084,