{
    "name": "root",
    "gauges": {
        "Mover.Policy.Entropy.mean": {
            "value": 1.0723505020141602,
            "min": 1.0723505020141602,
            "max": 1.0723505020141602,
            "count": 1
        },
        "Mover.Policy.ExtrinsicValueEstimate.mean": {
            "value": -0.5307534337043762,
            "min": -0.5307534337043762,
            "max": -0.5307534337043762,
            "count": 1
        },
        "Mover.Losses.ValueLoss.mean": {
            "value": 0.024083148688077927,
            "min": 0.024083148688077927,
            "max": 0.024083148688077927,
            "count": 1
        },
        "Mover.Losses.PolicyLoss.mean": {
            "value": 0.1373274177312851,
            "min": 0.1373274177312851,
            "max": 0.1373274177312851,
            "count": 1
        },
        "Mover.Policy.LearningRate.mean": {
            "value": 0.0002993804810103029,
            "min": 0.0002993804810103029,
            "max": 0.0002993804810103029,
            "count": 1
        },
        "Mover.Policy.Epsilon.mean": {
            "value": 0.1997934728860855,
            "min": 0.1997934728860855,
            "max": 0.1997934728860855,
            "count": 1
        },
        "Mover.Policy.Beta.mean": {
            "value": 0.004989694803953171,
            "min": 0.004989694803953171,
            "max": 0.004989694803953171,
            "count": 1
        },
        "Mover.Environment.EpisodeLength.mean": {
            "value": 999.0,
            "min": 999.0,
            "max": 999.0,
            "count": 1
        },
        "Mover.Environment.CumulativeReward.mean": {
            "value": -27.68499996047467,
            "min": -27.68499996047467,
            "max": -27.68499996047467,
            "count": 1
        },
        "Mover.Policy.ExtrinsicReward.mean": {
            "value": -27.68499996047467,
            "min": -27.68499996047467,
            "max": -27.68499996047467,
            "count": 1
        },
        "Mover.IsTraining.mean": {
            "value": 1.0,
            "min": 1.0,
            "max": 1.0,
            "count": 1
        }
    },
    "metadata": {
        "timer_format_version": "0.1.0",
        "start_time_seconds": "1628069224",
        "python_version": "3.8.10 (default, May 19 2021, 13:12:57) [MSC v.1916 64 bit (AMD64)]",
        "command_line_arguments": "D:\\Anaconda\\envs\\ml-try\\Scripts\\mlagents-learn Mover.yaml --run-id m-22",
        "mlagents_version": "0.21.0",
        "mlagents_envs_version": "0.21.0",
        "communication_protocol_version": "1.2.0",
        "tensorflow_version": "2.3.3",
        "numpy_version": "1.18.5",
        "end_time_seconds": "1628069252"
    },
    "total": 28.0601061,
    "count": 1,
    "self": 0.005120399999999137,
    "children": {
        "run_training.setup": {
            "total": 0.00888359999999988,
            "count": 1,
            "self": 0.00888359999999988
        },
        "TrainerController.start_learning": {
            "total": 28.0461021,
            "count": 1,
            "self": 0.07671539999994081,
            "children": {
                "TrainerController._reset_env": {
                    "total": 6.037476699999999,
                    "count": 1,
                    "self": 6.037476699999999
                },
                "TrainerController.advance": {
                    "total": 21.46480820000006,
                    "count": 3044,
                    "self": 0.03308179999998018,
                    "children": {
                        "env_step": {
                            "total": 21.43172640000008,
                            "count": 3044,
                            "self": 19.324597799999957,
                            "children": {
                                "SubprocessEnvManager._take_step": {
                                    "total": 2.070337400000092,
                                    "count": 3044,
                                    "self": 0.06050560000010741,
                                    "children": {
                                        "TFPolicy.evaluate": {
                                            "total": 2.0098317999999846,
                                            "count": 3044,
                                            "self": 2.0098317999999846
                                        }
                                    }
                                },
                                "workers": {
                                    "total": 0.036791200000031665,
                                    "count": 3043,
                                    "self": 0.0,
                                    "children": {
                                        "worker_root": {
                                            "total": 22.307365900000146,
                                            "count": 3043,
                                            "is_parallel": true,
                                            "self": 5.836249600000219,
                                            "children": {
                                                "steps_from_proto": {
                                                    "total": 0.00031919999999985293,
                                                    "count": 1,
                                                    "is_parallel": true,
                                                    "self": 0.00016369999999987783,
                                                    "children": {
                                                        "_process_vector_observation": {
                                                            "total": 0.0001554999999999751,
                                                            "count": 2,
                                                            "is_parallel": true,
                                                            "self": 0.0001554999999999751
                                                        }
                                                    }
                                                },
                                                "UnityEnvironment.step": {
                                                    "total": 16.470797099999928,
                                                    "count": 3043,
                                                    "is_parallel": true,
                                                    "self": 0.21497729999990867,
                                                    "children": {
                                                        "UnityEnvironment._generate_step_input": {
                                                            "total": 0.14216809999985092,
                                                            "count": 3043,
                                                            "is_parallel": true,
                                                            "self": 0.14216809999985092
                                                        },
                                                        "communicator.exchange": {
                                                            "total": 15.470743900000112,
                                                            "count": 3043,
                                                            "is_parallel": true,
                                                            "self": 15.470743900000112
                                                        },
                                                        "steps_from_proto": {
                                                            "total": 0.6429078000000574,
                                                            "count": 3043,
                                                            "is_parallel": true,
                                                            "self": 0.381341200000028,