{"count":1,"self":145.5048064,"total":340.19459889999996,"children":{"AgentSendState":{"count":213267,"self":3.4493072,"total":7.9347382999999994,"children":{"CollectObservations":{"count":42654,"self":0.21769139999999998,"total":0.21769139999999998,"children":null},"CollectDiscreteActionMasks":{"count":42654,"self":0.23877379999999998,"total":0.23877379999999998,"children":null},"AgentInfo.ToProto":{"count":42654,"self":0.7211333,"total":4.0289658,"children":{"GenerateSensorData":{"count":42654,"self":0.92207849999999991,"total":3.3078325,"children":{"RayPerceptionSensor.Perceive":{"count":42654,"self":2.385754,"total":2.385754,"children":null}}}}}}},"DecideAction":{"count":213267,"self":146.81260799999998,"total":146.8126049,"children":null},"AgentAct":{"count":213267,"self":39.9043776,"total":39.933442899999996,"children":{"AgentInfo.ToProto":{"count":347,"self":0.0094673,"total":0.029064,"children":{"GenerateSensorData":{"count":347,"self":0.0065856,"total":0.019596699999999998,"children":{"RayPerceptionSensor.Perceive":{"count":347,"self":0.0130111,"total":0.0130111,"children":null}}}}}}},"AgentInfo.ToProto":{"count":72,"self":0.0020007,"total":0.0074426,"children":{"GenerateSensorData":{"count":72,"self":0.0019362,"total":0.0054418999999999995,"children":{"RayPerceptionSensor.Perceive":{"count":72,"self":0.0035057,"total":0.0035057,"children":null}}}}}},"gauges":{"Mover.CumulativeReward":{"count":419,"max":1.99909985,"min":-1.5073719,"runningAverage":-0.6451924,"value":-1.390485,"weightedAverage":-1.0506171}},"metadata":{"timer_format_version":"0.1.0","start_time_seconds":"1637000968","unity_version":"2020.2.1f1","command_line_arguments":"C:\\Program Files\\Unity\\Hub\\Editor\\2020.2.1f1\\Editor\\Unity.exe -projectpath D:\/AgentsML\/ml-agents-demo1\/Try002 - FinalMoverBasic -useHub -hubIPC -cloudEnvironment production -hubSessionId 8e8bde40-420a-11ec-bb79-935a5bdf7cb7 -accessToken ptFPpFzEfJ-H9Gy3Cqo_rCS2QLnh-Tjqv7XwEGtiKX4008f","communication_protocol_version":"1.0.0","com.unity.ml-agents_version":"1.0.5","scene_name":"verstoppertje","end_time_seconds":"1637001308"}}