{
    "name": "root",
    "gauges": {
        "Mover.Policy.Entropy.mean": {
            "value": 1.7850295305252075,
            "min": 1.7850295305252075,
            "max": 1.7850295305252075,
            "count": 1
        },
        "Mover.Policy.ExtrinsicValueEstimate.mean": {
            "value": -0.6256489753723145,
            "min": -0.6256489753723145,
            "max": -0.6256489753723145,
            "count": 1
        },
        "Mover.Environment.EpisodeLength.mean": {
            "value": 16.716814159292035,
            "min": 16.716814159292035,
            "max": 16.716814159292035,
            "count": 1
        },
        "Mover.Environment.CumulativeReward.mean": {
            "value": -1.0874553407941545,
            "min": -1.0874553407941545,
            "max": -1.0874553407941545,
            "count": 1
        },
        "Mover.Policy.ExtrinsicReward.mean": {
            "value": -1.0874553407941545,
            "min": -1.0874553407941545,
            "max": -1.0874553407941545,
            "count": 1
        },
        "Mover.Losses.ValueLoss.mean": {
            "value": 0.01888517662882805,
            "min": 0.01888517662882805,
            "max": 0.01888517662882805,
            "count": 1
        },
        "Mover.Losses.PolicyLoss.mean": {
            "value": 0.1180335059762001,
            "min": 0.1180335059762001,
            "max": 0.1180335059762001,
            "count": 1
        },
        "Mover.Policy.LearningRate.mean": {
            "value": 0.0002993808302562684,
            "min": 0.0002993808302562684,
            "max": 0.0002993808302562684,
            "count": 1
        },
        "Mover.Policy.Epsilon.mean": {
            "value": 0.19979360699653625,
            "min": 0.19979360699653625,
            "max": 0.19979360699653625,
            "count": 1
        },
        "Mover.Policy.Beta.mean": {
            "value": 0.004989700857549906,
            "min": 0.004989700857549906,
            "max": 0.004989700857549906,
            "count": 1
        },
        "Mover.IsTraining.mean": {
            "value": 1.0,
            "min": 1.0,
            "max": 1.0,
            "count": 1
        }
    },
    "metadata": {
        "timer_format_version": "0.1.0",
        "start_time_seconds": "1637249380",
        "python_version": "3.8.10 (default, May 19 2021, 13:12:57) [MSC v.1916 64 bit (AMD64)]",
        "command_line_arguments": "D:\\Anaconda\\envs\\ml-try\\Scripts\\mlagents-learn Mover.yaml --run-id m08",
        "mlagents_version": "0.21.0",
        "mlagents_envs_version": "0.21.0",
        "communication_protocol_version": "1.2.0",
        "tensorflow_version": "2.3.3",
        "numpy_version": "1.18.5",
        "end_time_seconds": "1637249429"
    },
    "total": 49.1456686,
    "count": 1,
    "self": 0.020052300000003243,
    "children": {
        "run_training.setup": {
            "total": 0.7232432000000002,
            "count": 1,
            "self": 0.7232432000000002
        },
        "TrainerController.start_learning": {
            "total": 48.4023731,
            "count": 1,
            "self": 0.12836430000015042,
            "children": {
                "TrainerController._reset_env": {
                    "total": 10.9914419,
                    "count": 1,
                    "self": 10.9914419
                },
                "TrainerController.advance": {
                    "total": 36.74783549999985,
                    "count": 3659,
                    "self": 0.05360820000004907,
                    "children": {
                        "env_step": {
                            "total": 36.6942272999998,
                            "count": 3659,
                            "self": 33.51170789999983,
                            "children": {
                                "SubprocessEnvManager._take_step": {
                                    "total": 3.120705100000059,
                                    "count": 3659,
                                    "self": 0.09816319999989709,
                                    "children": {
                                        "TFPolicy.evaluate": {
                                            "total": 3.022541900000162,
                                            "count": 3517,
                                            "self": 3.022541900000162
                                        }
                                    }
                                },
                                "workers": {
                                    "total": 0.061814299999918276,
                                    "count": 3658,
                                    "self": 0.0,
                                    "children": {
                                        "worker_root": {
                                            "total": 38.09739649999967,
                                            "count": 3658,
                                            "is_parallel": true,
                                            "self": 9.197287799999387,
                                            "children": {
                                                "steps_from_proto": {
                                                    "total": 0.0003950999999986493,
                                                    "count": 1,
                                                    "is_parallel": true,
                                                    "self": 0.00015719999999852519,
                                                    "children": {
                                                        "_process_vector_observation": {
                                                            "total": 0.00023790000000012412,
                                                            "count": 4,
                                                            "is_parallel": true,
                                                            "self": 0.00023790000000012412
                                                        }
                                                    }
                                                },
                                                "UnityEnvironment.step": {
                                                    "total": 28.899713600000283,
                                                    "count": 3658,
                                                    "is_parallel": true,
                                                    "self": 0.38126600000012445,
                                                    "children": {
                                                        "UnityEnvironment._generate_step_input": {
                                                            "total": 0.2138096000000722,
                                                            "count": 3658,
                                                            "is_parallel": true,
                                                            "self": 0.2138096000000722
                                                        },
                                                        "communicator.exchange": {
                                                            "total": 26.844184899999977,
                                                            "count": 3658,
                                                            "is_parallel": true,
                                                            "self": 26.844184899999977
                                                        },
                                                        "steps_from_proto": {
                                                            "total": 1.460453100000107,
                                                            "count": 3658,
                                                            "is_parallel": true,
                                                            "self": 0.7101006000002865,