{
    "name": "root",
    "gauges": {
        "Mover.Policy.Entropy.mean": {
            "value": 1.7917256355285645,
            "min": 1.7917253971099854,
            "max": 1.791727066040039,
            "count": 29
        },
        "Mover.Environment.EpisodeLength.mean": {
            "value": 16.964285714285715,
            "min": 16.382608695652173,
            "max": 17.546296296296298,
            "count": 29
        },
        "Mover.Policy.ExtrinsicValueEstimate.mean": {
            "value": 0.03628306835889816,
            "min": 0.02224830538034439,
            "max": 0.03628306835889816,
            "count": 29
        },
        "Mover.Environment.CumulativeReward.mean": {
            "value": -1.0883660593203135,
            "min": -1.0913611065458368,
            "max": -1.0858521627343218,
            "count": 29
        },
        "Mover.Policy.ExtrinsicReward.mean": {
            "value": -1.0883660593203135,
            "min": -1.0913611065458368,
            "max": -1.0858521627343218,
            "count": 29
        },
        "Mover.IsTraining.mean": {
            "value": 1.0,
            "min": 1.0,
            "max": 1.0,
            "count": 29
        }
    },
    "metadata": {
        "timer_format_version": "0.1.0",
        "start_time_seconds": "1637257790",
        "python_version": "3.8.10 (default, May 19 2021, 13:12:57) [MSC v.1916 64 bit (AMD64)]",
        "command_line_arguments": "D:\\Anaconda\\envs\\ml-try\\Scripts\\mlagents-learn Mover.yaml --run-id m20",
        "mlagents_version": "0.21.0",
        "mlagents_envs_version": "0.21.0",
        "communication_protocol_version": "1.2.0",
        "tensorflow_version": "2.3.3",
        "numpy_version": "1.18.5",
        "end_time_seconds": "1637258342"
    },
    "total": 551.7599283,
    "count": 1,
    "self": 0.005415499999912754,
    "children": {
        "run_training.setup": {
            "total": 0.009177799999999792,
            "count": 1,
            "self": 0.009177799999999792
        },
        "TrainerController.start_learning": {
            "total": 551.7453350000001,
            "count": 1,
            "self": 1.6470252999961303,
            "children": {
                "TrainerController._reset_env": {
                    "total": 11.712497800000001,
                    "count": 1,
                    "self": 11.712497800000001
                },
                "TrainerController.advance": {
                    "total": 537.630959300004,
                    "count": 61757,
                    "self": 0.7211407000020245,
                    "children": {
                        "env_step": {
                            "total": 536.9098186000019,
                            "count": 61757,
                            "self": 491.3875138000018,
                            "children": {
                                "SubprocessEnvManager._take_step": {
                                    "total": 44.72513869999543,
                                    "count": 61757,
                                    "self": 1.365076399994095,
                                    "children": {
                                        "TFPolicy.evaluate": {
                                            "total": 43.36006230000134,
                                            "count": 59151,
                                            "self": 43.36006230000134
                                        }
                                    }
                                },
                                "workers": {
                                    "total": 0.7971661000047323,
                                    "count": 61756,
                                    "self": 0.0,
                                    "children": {
                                        "worker_root": {
                                            "total": 538.8386483000039,
                                            "count": 61756,
                                            "is_parallel": true,
                                            "self": 110.86922040000684,
                                            "children": {
                                                "steps_from_proto": {
                                                    "total": 0.0004055000000011688,
                                                    "count": 1,
                                                    "is_parallel": true,
                                                    "self": 0.0001762000000038455,
                                                    "children": {
                                                        "_process_vector_observation": {
                                                            "total": 0.0002292999999973233,
                                                            "count": 4,
                                                            "is_parallel": true,
                                                            "self": 0.0002292999999973233
                                                        }
                                                    }
                                                },
                                                "UnityEnvironment.step": {
                                                    "total": 427.9690223999971,
                                                    "count": 61756,
                                                    "is_parallel": true,
                                                    "self": 5.546718500011082,
                                                    "children": {
                                                        "UnityEnvironment._generate_step_input": {
                                                            "total": 3.217318099993248,
                                                            "count": 61756,
                                                            "is_parallel": true,
                                                            "self": 3.217318099993248
                                                        },
                                                        "communicator.exchange": {
                                                            "total": 398.23719839999524,
                                                            "count": 61756,
                                                            "is_parallel": true,
                                                            "self": 398.23719839999524
                                                        },
                                                        "steps_from_proto": {
                                                            "total": 20.967787399997505,
                                                            "count": 61756,
                                                            "is_parallel": true,
                                                            "self": 8.834620800016486,
                                                            "children": {
                                                                "_process_vector_observation": {
                                                                    "total": 12.133166599981019,
                                                                    "count": 247024,
                                                                    "is_parallel": true,