{
    "name": "root",
    "metadata": {
        "timer_format_version": "0.1.0",
        "start_time_seconds": "1637249477",
        "python_version": "3.8.10 (default, May 19 2021, 13:12:57) [MSC v.1916 64 bit (AMD64)]",
        "command_line_arguments": "D:\\Anaconda\\envs\\ml-try\\Scripts\\mlagents-learn Mover.yaml --run-id m09",
        "mlagents_version": "0.21.0",
        "mlagents_envs_version": "0.21.0",
        "communication_protocol_version": "1.2.0",
        "tensorflow_version": "2.3.3",
        "numpy_version": "1.18.5",
        "end_time_seconds": "1637249490"
    },
    "total": 13.2665038,
    "count": 1,
    "self": 0.005765699999999541,
    "children": {
        "run_training.setup": {
            "total": 0.008947399999999828,
            "count": 1,
            "self": 0.008947399999999828
        },
        "TrainerController.start_learning": {
            "total": 13.2517907,
            "count": 1,
            "self": 0.014234500000013028,
            "children": {
                "TrainerController._reset_env": {
                    "total": 9.98797,
                    "count": 1,
                    "self": 9.98797
                },
                "TrainerController.advance": {
                    "total": 1.7233974999999866,
                    "count": 126,
                    "self": 0.001367499999975763,
                    "children": {
                        "env_step": {
                            "total": 1.7220300000000108,
                            "count": 126,
                            "self": 1.6071730000000262,
                            "children": {
                                "SubprocessEnvManager._take_step": {
                                    "total": 0.11334559999999527,
                                    "count": 126,
                                    "self": 0.002505199999994545,
                                    "children": {
                                        "TFPolicy.evaluate": {
                                            "total": 0.11084040000000073,
                                            "count": 121,
                                            "self": 0.11084040000000073
                                        }
                                    }
                                },
                                "workers": {
                                    "total": 0.0015113999999893935,
                                    "count": 125,
                                    "self": 0.0,
                                    "children": {
                                        "worker_root": {
                                            "total": 3.480437299999993,
                                            "count": 125,
                                            "is_parallel": true,
                                            "self": 2.0231594000000186,
                                            "children": {
                                                "steps_from_proto": {
                                                    "total": 0.0003939000000006132,
                                                    "count": 1,
                                                    "is_parallel": true,
                                                    "self": 0.00015589999999932047,
                                                    "children": {
                                                        "_process_vector_observation": {
                                                            "total": 0.00023800000000129273,
                                                            "count": 4,
                                                            "is_parallel": true,
                                                            "self": 0.00023800000000129273
                                                        }
                                                    }
                                                },
                                                "UnityEnvironment.step": {
                                                    "total": 1.4568839999999739,
                                                    "count": 125,
                                                    "is_parallel": true,
                                                    "self": 0.010728999999995992,
                                                    "children": {
                                                        "UnityEnvironment._generate_step_input": {
                                                            "total": 0.0060280000000005884,
                                                            "count": 125,
                                                            "is_parallel": true,
                                                            "self": 0.0060280000000005884
                                                        },
                                                        "communicator.exchange": {
                                                            "total": 1.3982079999999897,
                                                            "count": 125,
                                                            "is_parallel": true,
                                                            "self": 1.3982079999999897
                                                        },
                                                        "steps_from_proto": {
                                                            "total": 0.041918999999987605,
                                                            "count": 125,
                                                            "is_parallel": true,
                                                            "self": 0.019005199999982736,
                                                            "children": {
                                                                "_process_vector_observation": {
                                                                    "total": 0.02291380000000487,
                                                                    "count": 500,
                                                                    "is_parallel": true,
                                                                    "self": 0.02291380000000487
                                                                }
                                                            }
                                                        }
                                                    }
                                                }
                                            }
                                        }
                                    }
                                }
                            }
                        }
                    }
                },
                "trainer_threads": {
                    "total": 5.500000000147054e-05,
                    "count": 1,
                    "self": 5.500000000147054e-05,
                    "children": {
                        "thread_root": {
                            "total": 0.0,
                            "count": 0,
                            "is_parallel": true,
                            "self": 0.0,
                            "children": {
                                "trainer_advance": {
                                    "total": 1.7334647000000007,
                                    "count": 150,
                                    "is_parallel": true,
                                    "self": 0.008569799999996519,
                                    "children": {
                                        "process_trajectory": {
                                            "total": 1.7248949000000042,
                                            "count": 150,
                                            "is_parallel": true,