{
    "name": "root",
    "gauges": {
        "Mover.Policy.Entropy.mean": {
            "value": 1.0403751134872437,
            "min": 0.8651633858680725,
            "max": 1.7835839986801147,
            "count": 34
        },
        "Mover.Policy.ExtrinsicValueEstimate.mean": {
            "value": -0.01160420197993517,
            "min": -0.5009165406227112,
            "max": 0.06905166804790497,
            "count": 34
        },
        "Mover.Environment.EpisodeLength.mean": {
            "value": 20.824175824175825,
            "min": 14.274809160305344,
            "max": 87.0,
            "count": 34
        },
        "Mover.Environment.CumulativeReward.mean": {
            "value": -0.15693406571357787,
            "min": -1.187545466025106,
            "max": 0.233216661765861,
            "count": 34
        },
        "Mover.Policy.ExtrinsicReward.mean": {
            "value": -0.15693406571357787,
            "min": -1.187545466025106,
            "max": 0.233216661765861,
            "count": 34
        },
        "Mover.Losses.ValueLoss.mean": {
            "value": 0.024691805243492126,
            "min": 0.014428743161261082,
            "max": 0.036612797528505325,
            "count": 34
        },
        "Mover.Losses.PolicyLoss.mean": {
            "value": 0.13321688771247864,
            "min": 0.11739848554134369,
            "max": 0.1410839706659317,
            "count": 34
        },
        "Mover.Policy.LearningRate.mean": {
            "value": 0.00025982418446801603,
            "min": 0.00025982418446801603,
            "max": 0.00029938030638732016,
            "count": 34
        },
        "Mover.Policy.Epsilon.mean": {
            "value": 0.18660804629325867,
            "min": 0.18660804629325867,
            "max": 0.19979344308376312,
            "count": 34
        },
        "Mover.Policy.Beta.mean": {
            "value": 0.0043317414820194244,
            "min": 0.0043317414820194244,
            "max": 0.004989692009985447,
            "count": 34
        },
        "Mover.IsTraining.mean": {
            "value": 1.0,
            "min": 1.0,
            "max": 1.0,
            "count": 34
        }
    },
    "metadata": {
        "timer_format_version": "0.1.0",
        "start_time_seconds": "1637232817",
        "python_version": "3.8.10 (default, May 19 2021, 13:12:57) [MSC v.1916 64 bit (AMD64)]",
        "command_line_arguments": "D:\\Anaconda\\envs\\ml-try\\Scripts\\mlagents-learn Mover.yaml --run-id m06",
        "mlagents_version": "0.21.0",
        "mlagents_envs_version": "0.21.0",
        "communication_protocol_version": "1.2.0",
        "tensorflow_version": "2.3.3",
        "numpy_version": "1.18.5",
        "end_time_seconds": "1637233253"
    },
    "total": 436.5525007,
    "count": 1,
    "self": 0.004406300000027841,
    "children": {
        "run_training.setup": {
            "total": 0.009214700000000242,
            "count": 1,
            "self": 0.009214700000000242
        },
        "TrainerController.start_learning": {
            "total": 436.5388797,
            "count": 1,
            "self": 1.6664714999952253,
            "children": {
                "TrainerController._reset_env": {
                    "total": 8.940293,
                    "count": 1,
                    "self": 8.940293
                },
                "TrainerController.advance": {
                    "total": 424.87462290000474,
                    "count": 71028,
                    "self": 0.7539444000020694,
                    "children": {
                        "env_step": {
                            "total": 424.12067850000267,
                            "count": 71028,
                            "self": 379.44585270000425,
                            "children": {
                                "SubprocessEnvManager._take_step": {
                                    "total": 43.82508179999788,
                                    "count": 71028,
                                    "self": 1.4468927999986931,
                                    "children": {
                                        "TFPolicy.evaluate": {
                                            "total": 42.37818899999919,
                                            "count": 69131,
                                            "self": 42.37818899999919
                                        }
                                    }
                                },
                                "workers": {
                                    "total": 0.8497440000005447,
                                    "count": 71027,
                                    "self": 0.0,
                                    "children": {
                                        "worker_root": {
                                            "total": 425.64780449999813,
                                            "count": 71027,
                                            "is_parallel": true,
                                            "self": 119.82681659999537,
                                            "children": {
                                                "steps_from_proto": {
                                                    "total": 0.0004338999999999871,
                                                    "count": 1,
                                                    "is_parallel": true,
                                                    "self": 0.00018229999999963553,
                                                    "children": {
                                                        "_process_vector_observation": {
                                                            "total": 0.00025160000000035154,
                                                            "count": 4,
                                                            "is_parallel": true,
                                                            "self": 0.00025160000000035154
                                                        }
                                                    }
                                                },
                                                "UnityEnvironment.step": {
                                                    "total": 305.82055400000274,
                                                    "count": 71027,
                                                    "is_parallel": true,
                                                    "self": 5.452571200014518,
                                                    "children": {
                                                        "UnityEnvironment._generate_step_input": {
                                                            "total": 3.387921399999936,
                                                            "count": 71027,
                                                            "is_parallel": true,
                                                            "self": 3.387921399999936
                                                        },
                                                        "communicator.exchange": {
                                                            "total": 277.1253423999935,
                                                            "count": 71027,
                                                            "is_parallel": true,
                                                            "self": 277.1253423999935
                                                        },
                                                        "steps_from_proto": {
                                                            "total": 19.854718999994788,
                                                            "count": 71027,
                                                            "is_parallel": true,
                                                            "self": 9.697900200009624,