{
    "name": "root",
    "gauges": {
        "Mover.Policy.Entropy.mean": {
            "value": 0.4067085385322571,
            "min": 0.3099789023399353,
            "max": 1.790872573852539,
            "count": 29
        },
        "Mover.Policy.ExtrinsicValueEstimate.mean": {
            "value": 0.3265555799007416,
            "min": -0.3640775680541992,
            "max": 0.36549392342567444,
            "count": 29
        },
        "Mover.Environment.EpisodeLength.mean": {
            "value": 24.29113924050633,
            "min": 17.31192660550459,
            "max": 111.77777777777777,
            "count": 29
        },
        "Mover.Environment.CumulativeReward.mean": {
            "value": 0.8758987409027317,
            "min": -1.0898807304441382,
            "max": 0.8924505541940312,
            "count": 29
        },
        "Mover.Policy.ExtrinsicReward.mean": {
            "value": 0.8758987409027317,
            "min": -1.0898807304441382,
            "max": 0.8924505541940312,
            "count": 29
        },
        "Mover.Losses.ValueLoss.mean": {
            "value": 0.003694762010127306,
            "min": 0.0026426916010677814,
            "max": 0.0641554445028305,
            "count": 29
        },
        "Mover.Losses.PolicyLoss.mean": {
            "value": 0.12467987090349197,
            "min": 0.11600333452224731,
            "max": 0.1464221477508545,
            "count": 29
        },
        "Mover.Policy.LearningRate.mean": {
            "value": 0.00026579899713397026,
            "min": 0.00026579899713397026,
            "max": 0.00029938030638732016,
            "count": 29
        },
        "Mover.Policy.Epsilon.mean": {
            "value": 0.18859966099262238,
            "min": 0.18859966099262238,
            "max": 0.19979344308376312,
            "count": 29
        },
        "Mover.Policy.Beta.mean": {
            "value": 0.004431122448295355,
            "min": 0.004431122448295355,
            "max": 0.00498969154432416,
            "count": 29
        },
        "Mover.IsTraining.mean": {
            "value": 1.0,
            "min": 1.0,
            "max": 1.0,
            "count": 29
        }
    },
    "metadata": {
        "timer_format_version": "0.1.0",
        "start_time_seconds": "1637507800",
        "python_version": "3.8.10 (default, May 19 2021, 13:12:57) [MSC v.1916 64 bit (AMD64)]",
        "command_line_arguments": "D:\\Anaconda\\envs\\ml-try\\Scripts\\mlagents-learn Mover.yaml --run-id simple01",
        "mlagents_version": "0.21.0",
        "mlagents_envs_version": "0.21.0",
        "communication_protocol_version": "1.2.0",
        "tensorflow_version": "2.3.3",
        "numpy_version": "1.18.5",
        "end_time_seconds": "1637508271"
    },
    "total": 470.8412093,
    "count": 1,
    "self": 0.2332389999999691,
    "children": {
        "run_training.setup": {
            "total": 0.5603985000000016,
            "count": 1,
            "self": 0.5603985000000016
        },
        "TrainerController.start_learning": {
            "total": 470.0475718,
            "count": 1,
            "self": 1.49924060000194,
            "children": {
                "TrainerController._reset_env": {
                    "total": 11.989003499999995,
                    "count": 1,
                    "self": 11.989003499999995
                },
                "TrainerController.advance": {
                    "total": 455.8136109999981,
                    "count": 60530,
                    "self": 0.6637996999957636,
                    "children": {
                        "env_step": {
                            "total": 455.14981130000234,
                            "count": 60530,
                            "self": 414.830794700003,
                            "children": {
                                "SubprocessEnvManager._take_step": {
                                    "total": 39.5646464000005,
                                    "count": 60530,
                                    "self": 1.2529283999981473,
                                    "children": {
                                        "TFPolicy.evaluate": {
                                            "total": 38.31171800000235,
                                            "count": 58774,
                                            "self": 38.31171800000235
                                        }
                                    }
                                },
                                "workers": {
                                    "total": 0.7543701999988457,
                                    "count": 60529,
                                    "self": 0.0,
                                    "children": {
                                        "worker_root": {
                                            "total": 458.05366409999186,
                                            "count": 60529,
                                            "is_parallel": true,
                                            "self": 110.16204899998598,
                                            "children": {
                                                "steps_from_proto": {
                                                    "total": 0.05017179999999932,
                                                    "count": 1,
                                                    "is_parallel": true,
                                                    "self": 0.002354200000000972,
                                                    "children": {
                                                        "_process_vector_observation": {
                                                            "total": 0.04781759999999835,
                                                            "count": 4,
                                                            "is_parallel": true,
                                                            "self": 0.04781759999999835
                                                        }
                                                    }
                                                },
                                                "UnityEnvironment.step": {
                                                    "total": 347.8414433000059,
                                                    "count": 60529,
                                                    "is_parallel": true,
                                                    "self": 4.867350000017268,
                                                    "children": {
                                                        "UnityEnvironment._generate_step_input": {
                                                            "total": 3.0449099999942373,
                                                            "count": 60529,
                                                            "is_parallel": true,
                                                            "self": 3.0449099999942373
                                                        },
                                                        "communicator.exchange": {
                                                            "total": 322.271977399997,
                                                            "count": 60529,
                                                            "is_parallel": true,
                                                            "self": 322.271977399997
                                                        },
                                                        "steps_from_proto": {
                                                            "total": 17.65720589999738,
                                                            "count": 60529,
                                                            "is_parallel": true,
                                                            "self": 8.53086149999674,