{
    "name": "root",
    "gauges": {
        "Mover.Policy.Entropy.mean": {
            "value": 0.6965407729148865,
            "min": 0.6965407729148865,
            "max": 1.0372815132141113,
            "count": 2
        },
        "Mover.Policy.ExtrinsicValueEstimate.mean": {
            "value": 0.40923643112182617,
            "min": -0.4815879762172699,
            "max": 0.40923643112182617,
            "count": 2
        },
        "Mover.Losses.ValueLoss.mean": {
            "value": 0.0030733596067875624,
            "min": 0.0030733596067875624,
            "max": 0.01573215238749981,
            "count": 2
        },
        "Mover.Losses.PolicyLoss.mean": {
            "value": 0.1375071406364441,
            "min": 0.12869803607463837,
            "max": 0.1375071406364441,
            "count": 2
        },
        "Mover.Policy.LearningRate.mean": {
            "value": 0.0002982183068525046,
            "min": 0.0002982183068525046,
            "max": 0.0002993804810103029,
            "count": 2
        },
        "Mover.Policy.Epsilon.mean": {
            "value": 0.19940608739852905,
            "min": 0.19940608739852905,
            "max": 0.1997934728860855,
            "count": 2
        },
        "Mover.Policy.Beta.mean": {
            "value": 0.004970364272594452,
            "min": 0.004970364272594452,
            "max": 0.004989694803953171,
            "count": 2
        },
        "Mover.Environment.EpisodeLength.mean": {
            "value": 999.0,
            "min": 999.0,
            "max": 999.0,
            "count": 2
        },
        "Mover.Environment.CumulativeReward.mean": {
            "value": 53.829998353496194,
            "min": 35.47999811172485,
            "max": 53.829998353496194,
            "count": 2
        },
        "Mover.Policy.ExtrinsicReward.mean": {
            "value": 53.829998353496194,
            "min": 35.47999811172485,
            "max": 53.829998353496194,
            "count": 2
        },
        "Mover.IsTraining.mean": {
            "value": 1.0,
            "min": 1.0,
            "max": 1.0,
            "count": 2
        }
    },
    "metadata": {
        "timer_format_version": "0.1.0",
        "start_time_seconds": "1627993136",
        "python_version": "3.8.10 (default, May 19 2021, 13:12:57) [MSC v.1916 64 bit (AMD64)]",
        "command_line_arguments": "D:\\Anaconda\\envs\\ml-try\\Scripts\\mlagents-learn Mover.yaml --run-id m-07",
        "mlagents_version": "0.21.0",
        "mlagents_envs_version": "0.21.0",
        "communication_protocol_version": "1.2.0",
        "tensorflow_version": "2.3.3",
        "numpy_version": "1.18.5",
        "end_time_seconds": "1627993222"
    },
    "total": 85.5876782,
    "count": 1,
    "self": 0.004842700000011746,
    "children": {
        "run_training.setup": {
            "total": 0.008338500000000248,
            "count": 1,
            "self": 0.008338500000000248
        },
        "TrainerController.start_learning": {
            "total": 85.574497,
            "count": 1,
            "self": 0.1384123000004962,
            "children": {
                "TrainerController._reset_env": {
                    "total": 10.0402209,
                    "count": 1,
                    "self": 10.0402209
                },
                "TrainerController.advance": {
                    "total": 74.8698890999995,
                    "count": 5687,
                    "self": 0.06061989999957973,
                    "children": {
                        "env_step": {
                            "total": 74.80926919999992,
                            "count": 5687,
                            "self": 71.09475449999972,
                            "children": {
                                "SubprocessEnvManager._take_step": {
                                    "total": 3.648246999999955,
                                    "count": 5687,
                                    "self": 0.1123022999997847,
                                    "children": {
                                        "TFPolicy.evaluate": {
                                            "total": 3.5359447000001705,
                                            "count": 5687,
                                            "self": 3.5359447000001705
                                        }
                                    }
                                },
                                "workers": {
                                    "total": 0.06626770000023896,
                                    "count": 5686,
                                    "self": 0.0,
                                    "children": {
                                        "worker_root": {
                                            "total": 76.18067029999996,
                                            "count": 5686,
                                            "is_parallel": true,
                                            "self": 10.125687700000427,
                                            "children": {
                                                "steps_from_proto": {
                                                    "total": 0.0003314000000003148,
                                                    "count": 1,
                                                    "is_parallel": true,
                                                    "self": 0.0001619000000019355,
                                                    "children": {
                                                        "_process_vector_observation": {
                                                            "total": 0.00016949999999837928,
                                                            "count": 2,
                                                            "is_parallel": true,
                                                            "self": 0.00016949999999837928
                                                        }
                                                    }
                                                },
                                                "UnityEnvironment.step": {
                                                    "total": 66.05465119999954,
                                                    "count": 5686,
                                                    "is_parallel": true,
                                                    "self": 0.40515579999885176,
                                                    "children": {
                                                        "UnityEnvironment._generate_step_input": {
                                                            "total": 0.2659151000005693,
                                                            "count": 5686,
                                                            "is_parallel": true,
                                                            "self": 0.2659151000005693
                                                        },
                                                        "communicator.exchange": {
                                                            "total": 64.20289619999993,
                                                            "count": 5686,
                                                            "is_parallel": true,
                                                            "self": 64.20289619999993
                                                        },
                                                        "steps_from_proto": {
                                                            "total": 1.1806841000001977,
                                                            "count": 5686,
                                                            "is_parallel": true,
                                                            "self": 0.6815448000003812,