{
    "name": "root",
    "gauges": {
        "Mover.Policy.Entropy.mean": {
            "value": 0.003170823911204934,
            "min": 0.003170823911204934,
            "max": 1.0493853092193604,
            "count": 17
        },
        "Mover.Policy.ExtrinsicValueEstimate.mean": {
            "value": 0.04773455858230591,
            "min": -1.6100051403045654,
            "max": 0.12196606397628784,
            "count": 17
        },
        "Mover.Losses.ValueLoss.mean": {
            "value": 6.242751987883821e-05,
            "min": 7.967389137775172e-06,
            "max": 0.05384398251771927,
            "count": 17
        },
        "Mover.Losses.PolicyLoss.mean": {
            "value": 0.12266357243061066,
            "min": 0.11407553404569626,
            "max": 0.14311783015727997,
            "count": 17
        },
        "Mover.Policy.LearningRate.mean": {
            "value": 0.00028024381026625633,
            "min": 0.00028024381026625633,
            "max": 0.0002993808302562684,
            "count": 17
        },
        "Mover.Policy.Epsilon.mean": {
            "value": 0.1934146136045456,
            "min": 0.1934146136045456,
            "max": 0.19979360699653625,
            "count": 17
        },
        "Mover.Policy.Beta.mean": {
            "value": 0.004671388305723667,
            "min": 0.004671388305723667,
            "max": 0.004989700857549906,
            "count": 17
        },
        "Mover.Environment.EpisodeLength.mean": {
            "value": 999.0,
            "min": 999.0,
            "max": 999.0,
            "count": 17
        },
        "Mover.Environment.CumulativeReward.mean": {
            "value": 4.925000193994492,
            "min": -1.7850001172628254,
            "max": 4.950000194367021,
            "count": 17
        },
        "Mover.Policy.ExtrinsicReward.mean": {
            "value": 4.925000193994492,
            "min": -1.7850001172628254,
            "max": 4.950000194367021,
            "count": 17
        },
        "Mover.IsTraining.mean": {
            "value": 1.0,
            "min": 1.0,
            "max": 1.0,
            "count": 17
        }
    },
    "metadata": {
        "timer_format_version": "0.1.0",
        "start_time_seconds": "1628064060",
        "python_version": "3.8.10 (default, May 19 2021, 13:12:57) [MSC v.1916 64 bit (AMD64)]",
        "command_line_arguments": "D:\\Anaconda\\envs\\ml-try\\Scripts\\mlagents-learn Mover.yaml --run-id m-15",
        "mlagents_version": "0.21.0",
        "mlagents_envs_version": "0.21.0",
        "communication_protocol_version": "1.2.0",
        "tensorflow_version": "2.3.3",
        "numpy_version": "1.18.5",
        "end_time_seconds": "1628064222"
    },
    "total": 162.2425513,
    "count": 1,
    "self": 0.005179399999974521,
    "children": {
        "run_training.setup": {
            "total": 0.00971820000000001,
            "count": 1,
            "self": 0.00971820000000001
        },
        "TrainerController.start_learning": {
            "total": 162.22765370000002,
            "count": 1,
            "self": 0.4381250999993256,
            "children": {
                "TrainerController._reset_env": {
                    "total": 7.1658484,
                    "count": 1,
                    "self": 7.1658484
                },
                "TrainerController.advance": {
                    "total": 153.9598458000007,
                    "count": 17337,
                    "self": 0.2031078000017601,
                    "children": {
                        "env_step": {
                            "total": 153.75673799999893,
                            "count": 17337,
                            "self": 142.09803970000016,
                            "children": {
                                "SubprocessEnvManager._take_step": {
                                    "total": 11.446815599999107,
                                    "count": 17337,
                                    "self": 0.36951269999958924,
                                    "children": {
                                        "TFPolicy.evaluate": {
                                            "total": 11.077302899999518,
                                            "count": 17337,
                                            "self": 11.077302899999518
                                        }
                                    }
                                },
                                "workers": {
                                    "total": 0.2118826999996557,
                                    "count": 17336,
                                    "self": 0.0,
                                    "children": {
                                        "worker_root": {
                                            "total": 154.85885489999993,
                                            "count": 17336,
                                            "is_parallel": true,
                                            "self": 37.37491080000012,
                                            "children": {
                                                "steps_from_proto": {
                                                    "total": 0.0003786000000003398,
                                                    "count": 1,
                                                    "is_parallel": true,
                                                    "self": 0.0001926999999994905,
                                                    "children": {
                                                        "_process_vector_observation": {
                                                            "total": 0.00018590000000084927,
                                                            "count": 2,
                                                            "is_parallel": true,
                                                            "self": 0.00018590000000084927
                                                        }
                                                    }
                                                },
                                                "UnityEnvironment.step": {
                                                    "total": 117.4835654999998,
                                                    "count": 17336,
                                                    "is_parallel": true,
                                                    "self": 1.3000316000002528,
                                                    "children": {
                                                        "UnityEnvironment._generate_step_input": {
                                                            "total": 0.9826552999992781,
                                                            "count": 17336,
                                                            "is_parallel": true,
                                                            "self": 0.9826552999992781
                                                        },
                                                        "communicator.exchange": {
                                                            "total": 111.37642770000022,
                                                            "count": 17336,
                                                            "is_parallel": true,
                                                            "self": 111.37642770000022
                                                        },
                                                        "steps_from_proto": {
                                                            "total": 3.824450900000045,
                                                            "count": 17336,
                                                            "is_parallel": true,
                                                            "self": 2.203087699999301,