{
    "name": "root",
    "gauges": {
        "Mover.Policy.Entropy.mean": {
            "value": 0.8686233162879944,
            "min": 0.8686233162879944,
            "max": 1.0576223134994507,
            "count": 2
        },
        "Mover.Policy.ExtrinsicValueEstimate.mean": {
            "value": 0.12600795924663544,
            "min": -0.12182322144508362,
            "max": 0.12600795924663544,
            "count": 2
        },
        "Mover.Losses.ValueLoss.mean": {
            "value": 0.018782716244459152,
            "min": 0.007691203150898218,
            "max": 0.018782716244459152,
            "count": 2
        },
        "Mover.Losses.PolicyLoss.mean": {
            "value": 0.1287478804588318,
            "min": 0.1287478804588318,
            "max": 0.1415727585554123,
            "count": 2
        },
        "Mover.Policy.LearningRate.mean": {
            "value": 0.000298219732940197,
            "min": 0.000298219732940197,
            "max": 0.00029938030638732016,
            "count": 2
        },
        "Mover.Policy.Epsilon.mean": {
            "value": 0.19940659403800964,
            "min": 0.19940659403800964,
            "max": 0.19979344308376312,
            "count": 2
        },
        "Mover.Policy.Beta.mean": {
            "value": 0.004970387555658817,
            "min": 0.004970387555658817,
            "max": 0.004989692009985447,
            "count": 2
        },
        "Mover.Environment.EpisodeLength.mean": {
            "value": 59.38235294117647,
            "min": 59.38235294117647,
            "max": 193.5,
            "count": 2
        },
        "Mover.Environment.CumulativeReward.mean": {
            "value": 1.1727941168800873,
            "min": 1.1727941168800873,
            "max": 1.441500015091151,
            "count": 2
        },
        "Mover.Policy.ExtrinsicReward.mean": {
            "value": 1.1727941168800873,
            "min": 1.1727941168800873,
            "max": 1.441500015091151,
            "count": 2
        },
        "Mover.IsTraining.mean": {
            "value": 1.0,
            "min": 1.0,
            "max": 1.0,
            "count": 2
        }
    },
    "metadata": {
        "timer_format_version": "0.1.0",
        "start_time_seconds": "1627993626",
        "python_version": "3.8.10 (default, May 19 2021, 13:12:57) [MSC v.1916 64 bit (AMD64)]",
        "command_line_arguments": "D:\\Anaconda\\envs\\ml-try\\Scripts\\mlagents-learn Mover.yaml --run-id m-10",
        "mlagents_version": "0.21.0",
        "mlagents_envs_version": "0.21.0",
        "communication_protocol_version": "1.2.0",
        "tensorflow_version": "2.3.3",
        "numpy_version": "1.18.5",
        "end_time_seconds": "1627993674"
    },
    "total": 47.7601285,
    "count": 1,
    "self": 0.005424700000006055,
    "children": {
        "run_training.setup": {
            "total": 0.008487299999999642,
            "count": 1,
            "self": 0.008487299999999642
        },
        "TrainerController.start_learning": {
            "total": 47.746216499999996,
            "count": 1,
            "self": 0.13903220000003103,
            "children": {
                "TrainerController._reset_env": {
                    "total": 6.9449442999999995,
                    "count": 1,
                    "self": 6.9449442999999995
                },
                "TrainerController.advance": {
                    "total": 40.222060799999966,
                    "count": 5641,
                    "self": 0.059042400000144823,
                    "children": {
                        "env_step": {
                            "total": 40.16301839999982,
                            "count": 5641,
                            "self": 36.3858882000002,
                            "children": {
                                "SubprocessEnvManager._take_step": {
                                    "total": 3.711629299999718,
                                    "count": 5641,
                                    "self": 0.10927829999976879,
                                    "children": {
                                        "TFPolicy.evaluate": {
                                            "total": 3.602350999999949,
                                            "count": 5641,
                                            "self": 3.602350999999949
                                        }
                                    }
                                },
                                "workers": {
                                    "total": 0.0655008999999005,
                                    "count": 5640,
                                    "self": 0.0,
                                    "children": {
                                        "worker_root": {
                                            "total": 41.55343599999979,
                                            "count": 5640,
                                            "is_parallel": true,
                                            "self": 10.428021499999776,
                                            "children": {
                                                "steps_from_proto": {
                                                    "total": 0.0002755999999992653,
                                                    "count": 1,
                                                    "is_parallel": true,
                                                    "self": 0.00014089999999988834,
                                                    "children": {
                                                        "_process_vector_observation": {
                                                            "total": 0.00013469999999937698,
                                                            "count": 2,
                                                            "is_parallel": true,
                                                            "self": 0.00013469999999937698
                                                        }
                                                    }
                                                },
                                                "UnityEnvironment.step": {
                                                    "total": 31.125138900000017,
                                                    "count": 5640,
                                                    "is_parallel": true,
                                                    "self": 0.39434959999965713,
                                                    "children": {
                                                        "UnityEnvironment._generate_step_input": {
                                                            "total": 0.2605330999999742,
                                                            "count": 5640,
                                                            "is_parallel": true,
                                                            "self": 0.2605330999999742
                                                        },
                                                        "communicator.exchange": {
                                                            "total": 29.276314800000247,
                                                            "count": 5640,
                                                            "is_parallel": true,
                                                            "self": 29.276314800000247
                                                        },
                                                        "steps_from_proto": {
                                                            "total": 1.1939414000001376,
                                                            "count": 5640,
                                                            "is_parallel": true,
                                                            "self": 0.6898087000001532,