{
    "name": "root",
    "gauges": {
        "Mover.Policy.Entropy.mean": {
            "value": 0.03621843457221985,
            "min": 0.031110046431422234,
            "max": 1.789432168006897,
            "count": 62
        },
        "Mover.Policy.ExtrinsicValueEstimate.mean": {
            "value": -0.04695361480116844,
            "min": -0.2948790490627289,
            "max": 0.23939624428749084,
            "count": 62
        },
        "Mover.Environment.EpisodeLength.mean": {
            "value": 47.85,
            "min": 26.944444444444443,
            "max": 7219.0,
            "count": 50
        },
        "Mover.Environment.CumulativeReward.mean": {
            "value": 1.1826000414788722,
            "min": -37.10000142455101,
            "max": 1.2112444818019867,
            "count": 50
        },
        "Mover.Policy.ExtrinsicReward.mean": {
            "value": 1.1826000414788722,
            "min": -37.10000142455101,
            "max": 1.2112444818019867,
            "count": 50
        },
        "Mover.Losses.ValueLoss.mean": {
            "value": 4.92941471748054e-05,
            "min": 1.2245006473676767e-05,
            "max": 0.04400312155485153,
            "count": 62
        },
        "Mover.Losses.PolicyLoss.mean": {
            "value": 0.13711069524288177,
            "min": 0.11422461271286011,
            "max": 0.155819833278656,
            "count": 62
        },
        "Mover.Policy.LearningRate.mean": {
            "value": 0.00022622884716838598,
            "min": 0.00022622884716838598,
            "max": 0.0002993799571413547,
            "count": 62
        },
        "Mover.Policy.Epsilon.mean": {
            "value": 0.17540960013866425,
            "min": 0.17540960013866425,
            "max": 0.19979332387447357,
            "count": 62
        },
        "Mover.Policy.Beta.mean": {
            "value": 0.0037729390896856785,
            "min": 0.0037729390896856785,
            "max": 0.004989686422049999,
            "count": 62
        },
        "Mover.IsTraining.mean": {
            "value": 1.0,
            "min": 1.0,
            "max": 1.0,
            "count": 62
        }
    },
    "metadata": {
        "timer_format_version": "0.1.0",
        "start_time_seconds": "1637512309",
        "python_version": "3.8.10 (default, May 19 2021, 13:12:57) [MSC v.1916 64 bit (AMD64)]",
        "command_line_arguments": "D:\\Anaconda\\envs\\ml-try\\Scripts\\mlagents-learn Mover.yaml --run-id extended01",
        "mlagents_version": "0.21.0",
        "mlagents_envs_version": "0.21.0",
        "communication_protocol_version": "1.2.0",
        "tensorflow_version": "2.3.3",
        "numpy_version": "1.18.5",
        "end_time_seconds": "1637513356"
    },
    "total": 1046.876248,
    "count": 1,
    "self": 0.004629600000043865,
    "children": {
        "run_training.setup": {
            "total": 0.009308700000000059,
            "count": 1,
            "self": 0.009308700000000059
        },
        "TrainerController.start_learning": {
            "total": 1046.8623097,
            "count": 1,
            "self": 2.936366499992573,
            "children": {
                "TrainerController._reset_env": {
                    "total": 10.1136466,
                    "count": 1,
                    "self": 10.1136466
                },
                "TrainerController.advance": {
                    "total": 1033.0773291000073,
                    "count": 125401,
                    "self": 1.538782000013498,
                    "children": {
                        "env_step": {
                            "total": 1031.5385470999938,
                            "count": 125401,
                            "self": 950.1882430999636,
                            "children": {
                                "SubprocessEnvManager._take_step": {
                                    "total": 79.8391550000316,
                                    "count": 125401,
                                    "self": 2.56239240004561,
                                    "children": {
                                        "TFPolicy.evaluate": {
                                            "total": 77.27676259998599,
                                            "count": 124064,
                                            "self": 77.27676259998599
                                        }
                                    }
                                },
                                "workers": {
                                    "total": 1.511148999998552,
                                    "count": 125400,
                                    "self": 0.0,
                                    "children": {
                                        "worker_root": {
                                            "total": 1033.6718000999992,
                                            "count": 125400,
                                            "is_parallel": true,
                                            "self": 213.35795190001102,
                                            "children": {
                                                "steps_from_proto": {
                                                    "total": 0.00047489999999861254,
                                                    "count": 1,
                                                    "is_parallel": true,
                                                    "self": 0.0002004000000006556,
                                                    "children": {
                                                        "_process_vector_observation": {
                                                            "total": 0.00027449999999795693,
                                                            "count": 6,
                                                            "is_parallel": true,
                                                            "self": 0.00027449999999795693
                                                        }
                                                    }
                                                },
                                                "UnityEnvironment.step": {
                                                    "total": 820.3133732999883,
                                                    "count": 125400,
                                                    "is_parallel": true,
                                                    "self": 9.771014399967271,
                                                    "children": {
                                                        "UnityEnvironment._generate_step_input": {
                                                            "total": 6.088346299985059,
                                                            "count": 125400,
                                                            "is_parallel": true,
                                                            "self": 6.088346299985059
                                                        },
                                                        "communicator.exchange": {
                                                            "total": 761.7243443000169,
                                                            "count": 125400,
                                                            "is_parallel": true,
                                                            "self": 761.7243443000169
                                                        },
                                                        "steps_from_proto": {
                                                            "total": 42.72966830001908,
                                                            "count": 125400,
                                                            "is_parallel": true,
                                                            "self": 18.703122600059835,