{
    "name": "root",
    "gauges": {
        "Mover.Policy.Entropy.mean": {
            "value": 0.00309967459179461,
            "min": 0.00309967459179461,
            "max": 1.0946414470672607,
            "count": 31
        },
        "Mover.Policy.ExtrinsicValueEstimate.mean": {
            "value": 0.3274581730365753,
            "min": -3.1565940380096436,
            "max": 0.3416825234889984,
            "count": 31
        },
        "Mover.Losses.ValueLoss.mean": {
            "value": 0.034394990652799606,
            "min": 0.03260856494307518,
            "max": 0.26855558156967163,
            "count": 31
        },
        "Mover.Losses.PolicyLoss.mean": {
            "value": 0.1401013433933258,
            "min": 0.12356596440076828,
            "max": 0.1503511369228363,
            "count": 31
        },
        "Mover.Policy.LearningRate.mean": {
            "value": 0.00026338562020100653,
            "min": 0.00026338562020100653,
            "max": 0.0002993804810103029,
            "count": 31
        },
        "Mover.Policy.Epsilon.mean": {
            "value": 0.18779520690441132,
            "min": 0.18779520690441132,
            "max": 0.1997934728860855,
            "count": 31
        },
        "Mover.Policy.Beta.mean": {
            "value": 0.0043909805826842785,
            "min": 0.0043909805826842785,
            "max": 0.004989694803953171,
            "count": 31
        },
        "Mover.Environment.EpisodeLength.mean": {
            "value": 29.0,
            "min": 29.0,
            "max": 999.0,
            "count": 31
        },
        "Mover.Environment.CumulativeReward.mean": {
            "value": 1.0,
            "min": -6.48750003031455,
            "max": 1.0,
            "count": 31
        },
        "Mover.Policy.ExtrinsicReward.mean": {
            "value": 1.0,
            "min": -6.48750003031455,
            "max": 1.0,
            "count": 31
        },
        "Mover.IsTraining.mean": {
            "value": 1.0,
            "min": 1.0,
            "max": 1.0,
            "count": 31
        }
    },
    "metadata": {
        "timer_format_version": "0.1.0",
        "start_time_seconds": "1637570688",
        "python_version": "3.8.10 (default, May 19 2021, 13:12:57) [MSC v.1916 64 bit (AMD64)]",
        "command_line_arguments": "D:\\Anaconda\\envs\\ml-try\\Scripts\\mlagents-learn Mover.yaml --run-id m01",
        "mlagents_version": "0.21.0",
        "mlagents_envs_version": "0.21.0",
        "communication_protocol_version": "1.2.0",
        "tensorflow_version": "2.3.3",
        "numpy_version": "1.18.5",
        "end_time_seconds": "1637571789"
    },
    "total": 1100.3907856,
    "count": 1,
    "self": 0.005117400000017369,
    "children": {
        "run_training.setup": {
            "total": 0.010701599999999978,
            "count": 1,
            "self": 0.010701599999999978
        },
        "TrainerController.start_learning": {
            "total": 1100.3749666,
            "count": 1,
            "self": 1.753310100006729,
            "children": {
                "TrainerController._reset_env": {
                    "total": 29.168235799999998,
                    "count": 1,
                    "self": 29.168235799999998
                },
                "TrainerController.advance": {
                    "total": 1068.8783019999933,
                    "count": 63975,
                    "self": 0.8109080999838625,
                    "children": {
                        "env_step": {
                            "total": 1068.0673939000094,
                            "count": 63975,
                            "self": 1021.8263607000331,
                            "children": {
                                "SubprocessEnvManager._take_step": {
                                    "total": 45.36618959997587,
                                    "count": 63975,
                                    "self": 1.4879628999710945,
                                    "children": {
                                        "TFPolicy.evaluate": {
                                            "total": 43.878226700004774,
                                            "count": 63974,
                                            "self": 43.878226700004774
                                        }
                                    }
                                },
                                "workers": {
                                    "total": 0.874843600000375,
                                    "count": 63974,
                                    "self": 0.0,
                                    "children": {
                                        "worker_root": {
                                            "total": 1069.6895053000117,
                                            "count": 63974,
                                            "is_parallel": true,
                                            "self": 122.84412489998942,
                                            "children": {
                                                "steps_from_proto": {
                                                    "total": 0.00044139999999970314,
                                                    "count": 1,
                                                    "is_parallel": true,
                                                    "self": 0.0002136000000021454,
                                                    "children": {
                                                        "_process_vector_observation": {
                                                            "total": 0.00022779999999755773,
                                                            "count": 2,
                                                            "is_parallel": true,
                                                            "self": 0.00022779999999755773
                                                        }
                                                    }
                                                },
                                                "UnityEnvironment.step": {
                                                    "total": 946.8449390000222,
                                                    "count": 63974,
                                                    "is_parallel": true,
                                                    "self": 5.173379400024487,
                                                    "children": {
                                                        "UnityEnvironment._generate_step_input": {
                                                            "total": 3.9720469000014234,
                                                            "count": 63974,
                                                            "is_parallel": true,
                                                            "self": 3.9720469000014234
                                                        },
                                                        "communicator.exchange": {
                                                            "total": 922.9987745000038,
                                                            "count": 63974,
                                                            "is_parallel": true,
                                                            "self": 922.9987745000038
                                                        },
                                                        "steps_from_proto": {
                                                            "total": 14.700738199992582,
                                                            "count": 63974,
                                                            "is_parallel": true,
                                                            "self": 8.274169999988384,